Operator,Operator Reference,Site Name,Site Address,Postcode,Ward Code,Ward Name,Easting,Northing,Longitude,Latitude,Location,Spatial Accuracy,Last Uploaded,Socrata ID
CTIL,141661,Thistle Hotel,Bloomsbury Way,WC1A 2SD,E05000138,Holborn and Covent Garden,530195,181534,-0.124992,51.517742,"(51.517742, -0.124992)",Defined by data provider,09/11/2015 03:14:20 PM,16
CTIL,143463,SOUTH HAMPSTEAD,DENTON TOWER  MALDEN CRESCENT,NW1 8BN,E05000136,Haverstock,528345,184573,-0.150533,51.545476,"(51.545476, -0.150533)",Defined by data provider,09/11/2015 03:14:20 PM,38
CTIL,140572,@@MX Kings Cross,Sandfield House,WC1H 8DU,E05000141,King's Cross,530409,182732,-0.121466,51.528459,"(51.528459, -0.121466)",Defined by data provider,09/11/2015 03:14:20 PM,12
EE and Three,53663,MAPLE HOUSE,MAPLE HOUSE TOTTENHAM COURT ROAD CAMDEN LONDON LONDON: CAMDEN,WC1E 0XY,E05000129,Bloomsbury,529322,182222,-0.137314,51.524125,"(51.524125, -0.137314)",Defined by data provider,09/11/2015 03:14:20 PM,124
Three and EE,98163,HOLBORN HALL,Holborn Hall 100 Grays Inn Road  LONDON LONDON: CAMDEN,WC1X 8AL,E05000138,Holborn and Covent Garden,531023,181950,-0.112911,51.521289,"(51.521289, -0.112911)",Defined by data provider,09/11/2015 03:14:20 PM,187
EE,13770,ELLERTON,"MILL LANE, KILBURN, LONDON, VINCENT DI FRANCO.,",NW2 3SL,E05000132,Fortune Green,524770,185102,-0.201873,51.551031,"(51.551031, -0.201873)",Defined by data provider,09/11/2015 03:14:20 PM,84
CTIL,141929,24 New Wharf Road,New Warf Road,N1 9RR,E05000143,St Pancras and Somers Town,530288,183056,-0.12309,51.531398,"(51.531398, -0.12309)",Defined by data provider,09/11/2015 03:14:20 PM,76
CTIL,137728,POLECAT OUTSIDE 358 KILBURN HI,POLECAT OUTSIDE 358 KILBURN HIGH RD,NW6 2QH,E05000145,West Hampstead,524691,184602,-0.203189,51.546555,"(51.546555, -0.203189)",Defined by data provider,09/11/2015 03:14:20 PM,31
EE,14777,LAMPOST WEST HEATH ROAD,"WEST HEATH ROAD, HAMPSTEAD, , LONDON,",NW3 7XD,E05000133,Frognal and Fitzjohns,525869,186388,-0.185571,51.562344,"(51.562344, -0.185571)",Defined by data provider,09/11/2015 03:14:20 PM,104
CTIL,140651,Euston Square,Station Concourse,NW1 1DN,E05000142,Regent's Park,529499,182804,-0.134551,51.529315,"(51.529315, -0.134551)",Defined by data provider,09/11/2015 03:14:20 PM,67
CTIL,146758,SMUGGLERS TAVERN,SMUGGLERS TAVERN,W1P 5DG,E05000129,Bloomsbury,529067,182178,-0.141004,51.523788,"(51.523788, -0.141004)",Defined by data provider,09/11/2015 03:14:20 PM,23
Three and EE,50050,NO 1 EUSTON ROAD,NO 1 EUSTON ROAD 1 Euston Road  LONDON LONDON: CAMDEN,NW1 2SA,E05000141,King's Cross,530328,182934,-0.122559,51.530293,"(51.530293, -0.122559)",Defined by data provider,09/11/2015 03:14:20 PM,161
CTIL,144338,CHALK FARM - HSDPA,WAVERLEY COURT,NW3 4SB,E05000128,Belsize,527636,184510,-0.160775,51.54507,"(51.54507, -0.160775)",Defined by data provider,09/11/2015 03:14:20 PM,44
EE,14396,MARRIOTT REGENTS PARK,"128 KING HENRYS ROAD, LONDON, , LONDON,",NW3 3ST,E05000128,Belsize,526989,184172,-0.170222,51.542178,"(51.542178, -0.170222)",Defined by data provider,09/11/2015 03:14:20 PM,93
CTIL,136476,RUSSELL SQUARE,ROYAL NATIONAL HOTEL,WC1H 0DG,E05000129,Bloomsbury,530030,182180,-0.12713,51.523585,"(51.523585, -0.12713)",Defined by data provider,09/11/2015 03:14:20 PM,13
EE and Three,98472,12 OVAL ROAD,Helical Bar 12 Oval Road Camden Town LONDON LONDON: CAMDEN,NW1 7BH,E05000130,Camden Town with Primrose Hill,528575,183925,-0.147454,51.5396,"(51.5396, -0.147454)",Defined by data provider,09/11/2015 03:14:20 PM,148
EE,13927,THE TAVISTOCK CENTRE,"THE TAVISTOCK CENTRE, BELSIZE LANE, LONDON, ,",NW3 4DY,E05000133,Frognal and Fitzjohns,526619,184681,-0.175371,51.546836,"(51.546836, -0.175371)",Defined by data provider,09/11/2015 03:14:20 PM,87
Three and EE,98491,LINTON HOUSE,Linton House 39-51 Highgate Road Kentish Town LONDON LONDON: CAMDEN,NW5 1RS,E05000139,Kentish Town,528820,185460,-0.143362,51.553339,"(51.553339, -0.143362)",Defined by data provider,09/11/2015 03:14:20 PM,194
EE and Three,25035,NW0036 - KILBURN MECCA BINGO 161158,"Kilburn Mecca Bingo Hall, Kilburn High Road, , London",NW6 4JX,E05000140,Kilburn,525104,184057,-0.19743,51.541566,"(51.541566, -0.19743)",Defined by data provider,09/11/2015 03:14:20 PM,155
CTIL,144584,BEDFORD ROW - 3G,DUTCH HOUSE,WC1V 7LL,E05000138,Holborn and Covent Garden,530966,181591,-0.113865,51.518076,"(51.518076, -0.113865)",Defined by data provider,09/11/2015 03:14:20 PM,6
EE and Three,50020,133A - 135 GRAYS INN ROAD,133A - 135 GRAYS INN ROAD 133A - 135 GRAYS INN ROAD  LONDON WC1 BLOOMSBURY LONDON: CAMDEN,WC1X 8TZ,E05000138,Holborn and Covent Garden,530811,182253,-0.115852,51.524061,"(51.524061, -0.115852)",Defined by data provider,09/11/2015 03:14:20 PM,115
EE,14594,LP DRUMMOND STREET,"LP DRUMMOND STREET, 201 DRUMMOND STREET, CAMDEN, LONDON,",NW1 3HP,E05000142,Regent's Park,529099,182431,-0.14045,51.526054,"(51.526054, -0.14045)",Defined by data provider,09/11/2015 03:14:20 PM,96
Three and EE,25035,NW0036 - KILBURN MECCA BINGO 161158,"Kilburn Mecca Bingo Hall, Kilburn High Road, , London",NW6 4JX,E05000140,Kilburn,525104,184057,-0.19743,51.541566,"(51.541566, -0.19743)",Defined by data provider,09/11/2015 03:14:20 PM,199
EE,14616,EUSTON STATION SIGN POST,"PAVEMENT ADJ. TO MELTON ST AND, EUSTON RD,, LONDON, ,",WC1H 0DS,E05000142,Regent's Park,529574,182500,-0.133582,51.526566,"(51.526566, -0.133582)",Defined by data provider,09/11/2015 03:14:20 PM,100
EE and Three,27469,WC0004 - HYG & TROPICAL MED WC0004 92155,"Hygiene & Tropical Medicine, 1 Keppel Street, London, London",WC1E 7HT,E05000129,Bloomsbury,529849,181871,-0.129851,51.52085,"(51.52085, -0.129851)",Defined by data provider,09/11/2015 03:14:20 PM,158
CTIL,136011,BLOOMSBURY,HOLBORN TOWER,WC1V 6PW,E05000138,Holborn and Covent Garden,530350,181508,-0.122769,51.517473,"(51.517473, -0.122769)",Defined by data provider,09/11/2015 03:14:20 PM,7
Three and EE,98116,CASTLEWOOD HOUSE,Castlewood House 77-91 New Oxford Street  LONDON LONDON: CAMDEN,WC1A 1DT,E05000138,Holborn and Covent Garden,529960,181405,-0.128424,51.516637,"(51.516637, -0.128424)",Defined by data provider,09/11/2015 03:14:20 PM,180
EE and Three,98120,HOLBORN TOWER,Holborn Tower 137 High Holborn  LONDON LONDON: CAMDEN,WC1V 6PW,E05000138,Holborn and Covent Garden,530345,181505,-0.122842,51.517447,"(51.517447, -0.122842)",Defined by data provider,09/11/2015 03:14:20 PM,138
CTIL,137727,FINCHLEY ROAD,ST JOHNS COURT,NW3 6LE,E05000144,Swiss Cottage,526279,184632,-0.180289,51.546472,"(51.546472, -0.180289)",Defined by data provider,09/11/2015 03:14:20 PM,41
EE and Three,90002,EASTMAN DENTAL HOSPITAL,Eastman Dental Hospital 256 Grays Inn Road  LONDON LONDON: CAMDEN,WC1X 8LD,E05000141,King's Cross,530750,182500,-0.116639,51.526295,"(51.526295, -0.116639)",Defined by data provider,09/11/2015 03:14:20 PM,127
CTIL,147354,DRUMMOND STREET,AMBALA GTC,NW1 2HN,E05000142,Regent's Park,529340,182545,-0.136936,51.527024,"(51.527024, -0.136936)",Defined by data provider,09/11/2015 03:14:20 PM,63
CTIL,141475,@@H Bonnington Hote,Southampton Row,WC1B 4BH,E05000138,Holborn and Covent Garden,530400,181810,-0.121937,51.520175,"(51.520175, -0.121937)",Defined by data provider,09/11/2015 03:14:20 PM,15
CTIL,137428,Greater London House,Hampstead Road,NW1 1NH,E05000142,Regent's Park,528830,182840,-0.144176,51.529791,"(51.529791, -0.144176)",Defined by data provider,09/11/2015 03:14:20 PM,66
EE,14393,EUSTON NOVOTEL,"SHAW PARK PLAZA HOTEL, 100 - 110 EUSTON ROAD, LONDON, ,",NW1 2AJ,E05000143,St Pancras and Somers Town,529915,182714,-0.12859,51.528411,"(51.528411, -0.12859)",Defined by data provider,09/11/2015 03:14:20 PM,92
Three and EE,50020,133A - 135 GRAYS INN ROAD,133A - 135 GRAYS INN ROAD 133A - 135 GRAYS INN ROAD  LONDON WC1 BLOOMSBURY LONDON: CAMDEN,WC1X 8TZ,E05000138,Holborn and Covent Garden,530811,182253,-0.115852,51.524061,"(51.524061, -0.115852)",Defined by data provider,09/11/2015 03:14:20 PM,160
EE,13703,HOLBORN TOWER,"HOLBORN TOWER, 137 HIGH HOLBORN, LONDON, ,",WC2B 5EG,E05000138,Holborn and Covent Garden,530345,181503,-0.122843,51.517429,"(51.517429, -0.122843)",Defined by data provider,09/11/2015 03:14:20 PM,82
Three and EE,98337,CENTRE HEIGHTS,CENTRE HEIGHTS 137 Finchley Road Swiss Cottage LONDON LONDON: CAMDEN,NW3 6HY,E05000144,Swiss Cottage,526612,184362,-0.175587,51.543971,"(51.543971, -0.175587)",Defined by data provider,09/11/2015 03:14:20 PM,190
Three and EE,50060,EUSTON TRAVEL INN,EUSTON TRAVEL INN 141 EUSTON ROAD  LONDON LONDON: CAMDEN,NW1 2AL,E05000141,King's Cross,529900,182650,-0.12883,51.527839,"(51.527839, -0.12883)",Defined by data provider,09/11/2015 03:14:20 PM,162
EE,13771,ROCHESTER COURT,"ST PANCRAS ESTATE, ROCHESTER SQUARE, CAMDEN TOWN, LONDON,",NW1 9EL,E05000131,Cantelowes,529377,184320,-0.135752,51.542967,"(51.542967, -0.135752)",Defined by data provider,09/11/2015 03:14:20 PM,85
CTIL,146214,Hertfordshire Constabulary,190 High Holborn,WC1R 4LN,E05000138,Holborn and Covent Garden,530800,181570,-0.116264,51.517926,"(51.517926, -0.116264)",Defined by data provider,09/11/2015 03:14:20 PM,9
CTIL,144481,KENTISH TOWN - 2G,8 ANGLERS LANE,NW5 3DG,E05000139,Kentish Town,528893,184775,-0.142561,51.547166,"(51.547166, -0.142561)",Defined by data provider,09/11/2015 03:14:20 PM,35
Three and EE,98288,ALLINGHAM COURT,"ALLINGHAM COURT 17-24 Haverstock Hill,Hampstead North West London LONDON LONDON: CAMDEN",NW3 2AH,E05000135,Hampstead Town,527330,185150,-0.164954,51.550891,"(51.550891, -0.164954)",Defined by data provider,09/11/2015 03:14:20 PM,188
Three and EE,98123,NEW PENDEREL HOUSE,S TAHTA & A TANIELIAN 283-288 HIGH HOLBORN  LONDON LONDON: LONDON CITY,WC1V 7HZ,E05000138,Holborn and Covent Garden,530835,181585,-0.115754,51.518053,"(51.518053, -0.115754)",Defined by data provider,09/11/2015 03:14:20 PM,185
EE and Three,50769,ALVANLEY COURTNW,ALVANLEY COURTNW 250 Finchley Road  LONDON LONDON: CAMDEN,NW3 6DL,E05000133,Frognal and Fitzjohns,525760,185325,-0.187523,51.552815,"(51.552815, -0.187523)",Defined by data provider,09/11/2015 03:14:20 PM,120
Three and EE,98121,CAA HOUSE,CAA House 45-49 Kingsway  LONDON LONDON: WESTMINSTER,WC2B 6TJ,E05000138,Holborn and Covent Garden,530575,181214,-0.119637,51.514779,"(51.514779, -0.119637)",Defined by data provider,09/11/2015 03:14:20 PM,184
Three and EE,51138,ST MARYS WITH ALL SAINTS CHURCH,ST MARYS PRIORY ROAD KILBURN LONDON LONDON,NW6 4JJ,E05000144,Swiss Cottage,525652,184023,-0.189544,51.541138,"(51.541138, -0.189544)",Defined by data provider,09/11/2015 03:14:20 PM,167
CTIL,143505,EUSTON UNDERPASS,FITZROY HOUSE,NW1 3AL,E05000129,Bloomsbury,529079,182223,-0.140815,51.52419,"(51.52419, -0.140815)",Defined by data provider,09/11/2015 03:14:20 PM,61
EE and Three,90024,SYDNEY BOYD COURT,Sydney Boyd Court (Liebert/Hiross) West End Lane  LONDON LONDON: CAMDEN,NW6 4QY,E05000144,Swiss Cottage,525425,184170,-0.192763,51.54251,"(51.54251, -0.192763)",Defined by data provider,09/11/2015 03:14:20 PM,129
CTIL,137415,Maida Vale ATE,Maida Vale ATE,W9 1QD,E05000140,Kilburn,525750,183380,-0.188361,51.535338,"(51.535338, -0.188361)",Defined by data provider,09/11/2015 03:14:20 PM,18
EE,14979,KT AUTO SERVICES,"107E BATHOLOMEW ROAD, KENTISH TOWN, , LONDON,",NW5 2AS,E05000131,Cantelowes,529414,184788,-0.135047,51.547164,"(51.547164, -0.135047)",Defined by data provider,09/11/2015 03:14:20 PM,109
EE and Three,98123,NEW PENDEREL HOUSE,S TAHTA & A TANIELIAN 283-288 HIGH HOLBORN  LONDON LONDON: LONDON CITY,WC1V 7HZ,E05000138,Holborn and Covent Garden,530835,181585,-0.115754,51.518053,"(51.518053, -0.115754)",Defined by data provider,09/11/2015 03:14:20 PM,140
EE and Three,98336,SPANIARDS ROAD DNS,HAMPSTEAD HEATH SPANIARDS ROAD HAMPSTEAD LONDON LONDON: CAMDEN,NW3 7ET,E05000135,Hampstead Town,526393,186680,-0.177911,51.564851,"(51.564851, -0.177911)",Defined by data provider,09/11/2015 03:14:20 PM,144
CTIL,145707,HAMPSTEAD REP. FOR 653 NTQ PAR,VERNON COURT EAA,NW2 2PD,E05000132,Fortune Green,525100,185950,-0.196815,51.558579,"(51.558579, -0.196815)",Defined by data provider,09/11/2015 03:14:20 PM,50
Three and EE,98120,HOLBORN TOWER,Holborn Tower 137 High Holborn  LONDON LONDON: CAMDEN,WC1V 6PW,E05000138,Holborn and Covent Garden,530345,181505,-0.122842,51.517447,"(51.517447, -0.122842)",Defined by data provider,09/11/2015 03:14:20 PM,183
CTIL,136421,Ashley House,Ashley House,NW3 7DX,E05000133,Frognal and Fitzjohns,525740,185340,-0.187806,51.552954,"(51.552954, -0.187806)",Defined by data provider,09/11/2015 03:14:20 PM,40
Three and EE,25032,NW0033 - WAVERLEY COURT 220268,"Waverly court, 41 Steeles Road, Hampstead, London",NW3 4SB,E05000128,Belsize,527636,184510,-0.160775,51.54507,"(51.54507, -0.160775)",Defined by data provider,09/11/2015 03:14:20 PM,198
Three and EE,90026,ROCHESTER COURT,Rochester Court Rochester Square  LONDON LONDON: CAMDEN,NW1 9EL,E05000131,Cantelowes,529350,184330,-0.136137,51.543063,"(51.543063, -0.136137)",Defined by data provider,09/11/2015 03:14:20 PM,175
EE and Three,98465,BT SPEC HARRISON STREET TE,BT SPEC HARRISON STREET TE Harrison Street  LONDON LONDON: CAMDEN,WC1V 7EJ,E05000141,King's Cross,530470,182620,-0.120629,51.527438,"(51.527438, -0.120629)",Defined by data provider,09/11/2015 03:14:20 PM,146
EE and Three,51139,338 KILBURN HIGH ROAD,KILBURN 338 KILBURN HIGH ROAD KILBURN LONDON LONDON: CAMDEN,NW6 2QN,E05000145,West Hampstead,524771,184519,-0.202065,51.545791,"(51.545791, -0.202065)",Defined by data provider,09/11/2015 03:14:20 PM,123
CTIL,136574,Cornerstone 2366_Voda 77817,Bedford House,NW1 7JR,E05000130,Camden Town with Primrose Hill,529026,183909,-0.140961,51.539353,"(51.539353, -0.140961)",Defined by data provider,09/11/2015 03:14:20 PM,56
EE and Three,90087,QUEEN CRESCENT LIBRARY,QUEEN CRESCENT LIBRARY Queen Crescent Gospel Oak LONDON LONDON: CAMDEN,NW5 4HH,E05000134,Gospel Oak,528225,185060,-0.152085,51.549879,"(51.549879, -0.152085)",Defined by data provider,09/11/2015 03:14:20 PM,132
Three and EE,51139,338 KILBURN HIGH ROAD,KILBURN 338 KILBURN HIGH ROAD KILBURN LONDON LONDON: CAMDEN,NW6 2QN,E05000145,West Hampstead,524771,184519,-0.202065,51.545791,"(51.545791, -0.202065)",Defined by data provider,09/11/2015 03:14:20 PM,168
Three and EE,90087,QUEEN CRESCENT LIBRARY,QUEEN CRESCENT LIBRARY Queen Crescent Gospel Oak LONDON LONDON: CAMDEN,NW5 4HH,E05000134,Gospel Oak,528225,185060,-0.152085,51.549879,"(51.549879, -0.152085)",Defined by data provider,09/11/2015 03:14:20 PM,177
EE,14634,UNI OF LONDON  SCH OF PHARMACY,"UNIV OF LONDON SCH OF PHARMACY, 29-39 BRUNSWICK SQUARE, LONDON, ,",WC1N 1AX,E05000141,King's Cross,530352,182349,-0.122429,51.52503,"(51.52503, -0.122429)",Defined by data provider,09/11/2015 03:14:20 PM,102
CTIL,137431,St Pancras Hospital,St Pancras Hospital,NW1 0PE,E05000143,St Pancras and Somers Town,529670,183590,-0.131798,51.536339,"(51.536339, -0.131798)",Defined by data provider,09/11/2015 03:14:20 PM,70
CTIL,146756,74 CHARLOTTE STREET,74 CHARLOTTE STREET,W1P 1LR,E05000129,Bloomsbury,529372,181815,-0.136743,51.520456,"(51.520456, -0.136743)",Defined by data provider,09/11/2015 03:14:20 PM,24
EE and Three,51136,NORTH END WAY DNS,NORTH END WAY NORTH END WAY HAMPSTEAD LONDON LONDON: CAMDEN,NW3 1EA,E05000135,Hampstead Town,526285,186365,-0.179581,51.562044,"(51.562044, -0.179581)",Defined by data provider,09/11/2015 03:14:20 PM,121
CTIL,142164,1 Brandon Road,1 Brandon Road,N7 9AG,E05000131,Cantelowes,529984,184332,-0.126999,51.542935,"(51.542935, -0.126999)",Defined by data provider,09/11/2015 03:14:20 PM,74
EE and Three,90001,124 THEOBALDS - MERCURY HOUSE,124 THEOBALDS ROAD (A/C) 110-124 THEOBALDS ROAD   LONDON WC1 BLOOMSBURY LONDON: CAMDEN,WC1X 8RX,E05000138,Holborn and Covent Garden,530540,181790,-0.119928,51.519963,"(51.519963, -0.119928)",Defined by data provider,09/11/2015 03:14:20 PM,126
EE,14617,MYHOTEL,"11-13 BAYLEY STREET, BEDFORD SQUARE, LONDON, ,",WC1B 3HD,E05000129,Bloomsbury,529721,181644,-0.131779,51.51884,"(51.51884, -0.131779)",Defined by data provider,09/11/2015 03:14:20 PM,101
EE and Three,32033,CANTERBURY MANSIONS,CANTERBURY MANSIONS LYMINGTON ROAD WEST HAMPSTREAD,NW6 1SE,E05000145,West Hampstead,525546,184920,-0.190752,51.549223,"(51.549223, -0.190752)",Defined by data provider,09/11/2015 03:14:20 PM,113
Three and EE,98472,12 OVAL ROAD,Helical Bar 12 Oval Road Camden Town LONDON LONDON: CAMDEN,NW1 7BH,E05000130,Camden Town with Primrose Hill,528575,183925,-0.147454,51.5396,"(51.5396, -0.147454)",Defined by data provider,09/11/2015 03:14:20 PM,193
CTIL,141798,Cornerstone 1000,100 Grays Inn Road,WC1X 0PB,E05000138,Holborn and Covent Garden,530930,181970,-0.114243,51.521491,"(51.521491, -0.114243)",Defined by data provider,09/11/2015 03:14:20 PM,5
CTIL,144241,KILBURN HIGH ROAD 2G,134-136 KILBURN HIGH RD,NW6 4JD,E05000140,Kilburn,525238,183892,-0.195557,51.540053,"(51.540053, -0.195557)",Defined by data provider,09/11/2015 03:14:20 PM,30
EE and Three,90033,ST PANCRAS HOSPITAL,St Pancras Hospital 4 St Pancras Way  LONDON LONDON: CAMDEN,NW1 0PE,E05000143,St Pancras and Somers Town,529665,183495,-0.131905,51.535487,"(51.535487, -0.131905)",Defined by data provider,09/11/2015 03:14:20 PM,131
EE and Three,98288,ALLINGHAM COURT,"ALLINGHAM COURT 17-24 Haverstock Hill,Hampstead North West London LONDON LONDON: CAMDEN",NW3 2AH,E05000135,Hampstead Town,527330,185150,-0.164954,51.550891,"(51.550891, -0.164954)",Defined by data provider,09/11/2015 03:14:20 PM,143
CTIL,146754,DENMARK STREET,MUSIC GROUND (PREV HELTER SKELTER BOOKSHOP),WC2H 8LL,E05000138,Holborn and Covent Garden,529907,181257,-0.129242,51.515319,"(51.515319, -0.129242)",Defined by data provider,09/11/2015 03:14:20 PM,2
Three and EE,98162,40 MELTON STREET,40 MELTON STREET EUSTON SQUARE  LONDON LONDON: CAMDEN,NW1 2EE,E05000142,Regent's Park,529570,182590,-0.133606,51.527376,"(51.527376, -0.133606)",Defined by data provider,09/11/2015 03:14:20 PM,186
EE,13991,ROYAL FREE HOSPITAL,"POND STREET, HAMPSTEAD, LONDON, 0207 794 0500,",NW3 2QG,E05000135,Hampstead Town,527281,185337,-0.165592,51.552582,"(51.552582, -0.165592)",Defined by data provider,09/11/2015 03:14:20 PM,88
EE,14950,LP FROGNAL RISE 1,"FROGNAL RISE, HAMPSTEAD, LONDON, ,",NW3 6SZ,E05000133,Frognal and Fitzjohns,526167,185996,-0.181415,51.558755,"(51.558755, -0.181415)",Defined by data provider,09/11/2015 03:14:20 PM,107
CTIL,136346,Cornerstone 10365_Vodafone 771,Snowman House,NW3 6EX,E05000140,Kilburn,525801,183950,-0.187423,51.540449,"(51.540449, -0.187423)",Defined by data provider,09/11/2015 03:14:20 PM,43
CTIL,146755,WARREN STREET,PRINCE OF WALES FEATHERS,W1T 5LD,E05000129,Bloomsbury,529235,182240,-0.138561,51.524307,"(51.524307, -0.138561)",Defined by data provider,09/11/2015 03:14:20 PM,21
Three and EE,90002,EASTMAN DENTAL HOSPITAL,Eastman Dental Hospital 256 Grays Inn Road  LONDON LONDON: CAMDEN,WC1X 8LD,E05000141,King's Cross,530750,182500,-0.116639,51.526295,"(51.526295, -0.116639)",Defined by data provider,09/11/2015 03:14:20 PM,172
CTIL,138520,MARRIOT HOTEL,MARRIOT HOTEL MAIDA VALE,NW8 0NJ,E05000140,Kilburn,525628,183416,-0.190106,51.535689,"(51.535689, -0.190106)",Defined by data provider,09/11/2015 03:14:20 PM,28
CTIL,138541,WEST HAMPSTEAD,MARRIOTT REGENTS PARK,NW3 3ST,E05000128,Belsize,527014,184195,-0.169853,51.54238,"(51.54238, -0.169853)",Defined by data provider,09/11/2015 03:14:20 PM,45
Three,25044,THISTLE EUSTON 136819,"Thistle Euston, Cardington Street, London, London",NW1 2LP,E05000142,Regent's Park,529346,182778,-0.136765,51.529116,"(51.529116, -0.136765)",Defined by data provider,09/11/2015 03:14:20 PM,203
Three and EE,60823,BT EXCHANGE MAIDA VALE,BT EXCHANGE MAIDA VALE 138 Maida Vale  LONDON LONDON: CAMDEN,W9 1QD,E05000140,Kilburn,525704,183367,-0.189029,51.535231,"(51.535231, -0.189029)",Defined by data provider,09/11/2015 03:14:20 PM,170
CTIL,136017,SWINTON STREET,BATTLEBRIDGE HOUSE,WC1X 8DU,E05000141,King's Cross,530609,182690,-0.1186,51.528035,"(51.528035, -0.1186)",Defined by data provider,09/11/2015 03:14:20 PM,4
Three and EE,90024,SYDNEY BOYD COURT,Sydney Boyd Court (Liebert/Hiross) West End Lane  LONDON LONDON: CAMDEN,NW6 4QY,E05000144,Swiss Cottage,525425,184170,-0.192763,51.54251,"(51.54251, -0.192763)",Defined by data provider,09/11/2015 03:14:20 PM,174
CTIL,136719,Architects House,Architects House,NW1 0XH,E05000129,Bloomsbury,529588,181814,-0.133632,51.520398,"(51.520398, -0.133632)",Defined by data provider,09/11/2015 03:14:20 PM,69
EE and Three,98337,CENTRE HEIGHTS,CENTRE HEIGHTS 137 Finchley Road Swiss Cottage LONDON LONDON: CAMDEN,NW3 6HY,E05000144,Swiss Cottage,526612,184362,-0.175587,51.543971,"(51.543971, -0.175587)",Defined by data provider,09/11/2015 03:14:20 PM,145
CTIL,147284,PRIMROSE HILL,PRIMROSE HILL RAILWAY STATION,NW1 8AW,E05000130,Camden Town with Primrose Hill,528012,183996,-0.155542,51.540366,"(51.540366, -0.155542)",Defined by data provider,09/11/2015 03:14:20 PM,54
EE,14606,BIKEFIX,"48 LAMB'S CONDUIT STREET, LONDON, , ,",WC1N 3LH,E05000138,Holborn and Covent Garden,530633,181977,-0.118519,51.521622,"(51.521622, -0.118519)",Defined by data provider,09/11/2015 03:14:20 PM,98
Three and EE,27469,WC0004 - HYG & TROPICAL MED WC0004 92155,"Hygiene & Tropical Medicine, 1 Keppel Street, London, London",WC1E 7HT,E05000129,Bloomsbury,529849,181871,-0.129851,51.52085,"(51.52085, -0.129851)",Defined by data provider,09/11/2015 03:14:20 PM,202
CTIL,135973,Cornerstone 10169_Vodafone 726,BT Tower Macro,W1T 4BL,E05000129,Bloomsbury,529182,181948,-0.139431,51.521695,"(51.521695, -0.139431)",Defined by data provider,09/11/2015 03:14:20 PM,22
EE,14600,35 GOODGE ST,"35 GOODGE STREET, LONDON, , ,",WC1E 7DW,E05000129,Bloomsbury,529476,181698,-0.135288,51.519381,"(51.519381, -0.135288)",Defined by data provider,09/11/2015 03:14:20 PM,97
CTIL,144328,CAMDEN LOCK,GREATER LONDON HOUSE,NW1 7QX,E05000142,Regent's Park,529147,183271,-0.139451,51.533592,"(51.533592, -0.139451)",Defined by data provider,09/11/2015 03:14:20 PM,55
EE,14768,53 HEATH STREET,"BENHAM & REEVES RESIDENTIAL, LETTING, 51-53 HEATH STREET,, HAMPSTEAD, LONDON, ,",NW3 6UG,E05000135,Hampstead Town,526370,185790,-0.178562,51.556858,"(51.556858, -0.178562)",Defined by data provider,09/11/2015 03:14:20 PM,103
CTIL,147657,RICOH (TRITON STREET).,RICOH (TRITON STREET).,NW1 3BF,E05000142,Regent's Park,528959,182316,-0.142509,51.525053,"(51.525053, -0.142509)",Defined by data provider,09/11/2015 03:14:20 PM,60
CTIL,146288,Logica York Way,7th Floor,N1 9AG,E05000143,St Pancras and Somers Town,530250,183250,-0.123566,51.53315,"(51.53315, -0.123566)",Defined by data provider,09/11/2015 03:14:20 PM,78
EE and Three,25038,NW0041 - ANGLO-SCOTTISH 114065,"Anglo-Scottish, 100A Chalk Farm Road, Chalk Farm, Camden, London",NW1 8AN,E05000130,Camden Town with Primrose Hill,528324,184326,-0.150926,51.543261,"(51.543261, -0.150926)",Defined by data provider,09/11/2015 03:14:20 PM,156
CTIL,144329,SWISS COTTAGE,CENTRE HEIGHTS,NW3 6JG,E05000144,Swiss Cottage,526595,184328,-0.175844,51.543669,"(51.543669, -0.175844)",Defined by data provider,09/11/2015 03:14:20 PM,42
Three and EE,25062,NW0074 - CENTENARY HOUSE 207780,"Centenary House, 96-98 Camden High Street, Camden, London",NW1 7JY,E05000142,Regent's Park,529085,183690,-0.140191,51.537372,"(51.537372, -0.140191)",Defined by data provider,09/11/2015 03:14:20 PM,201
CTIL,135951,@@LO Addison & Lee,35-37 William road,NW1 3ER,E05000142,Regent's Park,529280,182440,-0.137839,51.526094,"(51.526094, -0.137839)",Defined by data provider,09/11/2015 03:14:20 PM,59
CTIL,137048,Hendon Way,Hendon Way,NW2 2PD,,,525041,186016,-0.197642,51.559185,"(51.559185, -0.197642)",Defined by data provider,09/11/2015 03:14:20 PM,51
CTIL,141463,The National Institute of Neur,Guildford Street,WC1N 3BG,E05000138,Holborn and Covent Garden,530362,182095,-0.122379,51.522745,"(51.522745, -0.122379)",Defined by data provider,09/11/2015 03:14:20 PM,10
EE,32033,Canterbury Mansions,"LYMINGTON ROAD,WEST HAMPSTREAD,LONDON NW6 KILBURN,LONDON: CAMDEN,",NW6 1SE,E05000145,West Hampstead,525546,184920,-0.190752,51.549223,"(51.549223, -0.190752)",Defined by data provider,09/11/2015 03:14:20 PM,114
CTIL,143514,LONDON-VT/384-SITE959-TBC,ALBANY RD STREET WORKS,NW1 4HR,E05000142,Regent's Park,529000,182800,-0.141742,51.529393,"(51.529393, -0.141742)",Defined by data provider,09/11/2015 03:14:20 PM,58
Three and EE,98466,INTERNATIONAL HALL,"UNIVERSITY OF LONDON HALLS OF RESIDENCE,BRUNSWICK SQUARE  LONDON LONDON: CAMDEN",WC1N 1AX,E05000141,King's Cross,530382,182194,-0.122054,51.52363,"(51.52363, -0.122054)",Defined by data provider,09/11/2015 03:14:20 PM,192
EE and Three,51138,ST MARYS WITH ALL SAINTS CHURCH,ST MARYS PRIORY ROAD KILBURN LONDON LONDON,NW6 4JJ,E05000144,Swiss Cottage,525652,184023,-0.189544,51.541138,"(51.541138, -0.189544)",Defined by data provider,09/11/2015 03:14:20 PM,122
EE,28297,WS ATKINS EUSTON IN BUILDING,"EUSTON TOWER, 285 EUSTON ROAD, LONDON, ,",NW1 3AT,E05000142,Regent's Park,529188,182357,-0.139195,51.525369,"(51.525369, -0.139195)",Defined by data provider,09/11/2015 03:14:20 PM,112
CTIL,136166,Cornerstone 10344_Vodafone 787,Castlehaven Road,NW1 8PL,E05000130,Camden Town with Primrose Hill,528820,184520,-0.143706,51.544891,"(51.544891, -0.143706)",Defined by data provider,09/11/2015 03:14:20 PM,53
Three and EE,90001,124 THEOBALDS - MERCURY HOUSE,124 THEOBALDS ROAD (A/C) 110-124 THEOBALDS ROAD   LONDON WC1 BLOOMSBURY LONDON: CAMDEN,WC1X 8RX,E05000138,Holborn and Covent Garden,530540,181790,-0.119928,51.519963,"(51.519963, -0.119928)",Defined by data provider,09/11/2015 03:14:20 PM,171
Three and EE,98465,BT SPEC HARRISON STREET TE,BT SPEC HARRISON STREET TE Harrison Street  LONDON LONDON: CAMDEN,WC1V 7EJ,E05000141,King's Cross,530470,182620,-0.120629,51.527438,"(51.527438, -0.120629)",Defined by data provider,09/11/2015 03:14:20 PM,191
EE,90025,DORNAY (HIRROS),Dornay Adelaide Road  LONDON LONDON: CAMDEN,NW3 3PL,E05000128,Belsize,527373,184390,-0.164609,51.544051,"(51.544051, -0.164609)",Defined by data provider,09/11/2015 03:14:20 PM,151
EE and Three,50060,EUSTON TRAVEL INN,EUSTON TRAVEL INN 141 EUSTON ROAD  LONDON LONDON: CAMDEN,NW1 2AL,E05000141,King's Cross,529900,182650,-0.12883,51.527839,"(51.527839, -0.12883)",Defined by data provider,09/11/2015 03:14:20 PM,117
Three and EE,25027,NW0027 - THE SPANIARDS INN 205927,"The Spaniards Inn, Spaniards Road, Hampstead Heath, London",NW3 7JJ,E05000135,Hampstead Town,526612,187163,-0.174579,51.569143,"(51.569143, -0.174579)",Defined by data provider,09/11/2015 03:14:20 PM,197
CTIL,136563,The British Library,96 Euston Road,NW1 2DB,E05000143,St Pancras and Somers Town,529790,183039,-0.130271,51.53136,"(51.53136, -0.130271)",Defined by data provider,09/11/2015 03:14:20 PM,64
Three and EE,90562,HAMPSTEAD COMFORT INN,HAMPSTEAD COMFORT INN 5-7 Frognal Hampstead LONDON LONDON: CAMDEN,NW3 6AL,E05000133,Frognal and Fitzjohns,526234,185003,-0.180805,51.549816,"(51.549816, -0.180805)",Defined by data provider,09/11/2015 03:14:20 PM,179
EE,28262,HOLBORN TOWER,"HOLBORN TOWER, 137 HIGH HOLBORN, LONDON, ,",WC1V 6PW,E05000138,Holborn and Covent Garden,530345,181505,-0.122842,51.517447,"(51.517447, -0.122842)",Defined by data provider,09/11/2015 03:14:20 PM,91
CTIL,140688,Kings Cross Station ( Upgrade,Euston Road,N1 9AP,E05000143,St Pancras and Somers Town,530270,183100,-0.123333,51.531798,"(51.531798, -0.123333)",Defined by data provider,09/11/2015 03:14:20 PM,77
Three and EE,24475,N0043 - ABC SELF STORAGE 187561,"ABC Self Storage, 145-147 York Way, Camden, London",N7 9LG,E05000131,Cantelowes,529917,184868,-0.127767,51.547767,"(51.547767, -0.127767)",Defined by data provider,09/11/2015 03:14:20 PM,196
CTIL,136044,@@ZLA @@MX East Heath,B519,NW3 7ET,E05000135,Hampstead Town,526280,186280,-0.179684,51.561282,"(51.561282, -0.179684)",Defined by data provider,09/11/2015 03:14:20 PM,39
Three and EE,90444,ENGLEFIELD,Regents Park Estate Stanhope Street  LONDON LONDON: CAMDEN,NW1 3QB,E05000142,Regent's Park,529050,182650,-0.141076,51.528034,"(51.528034, -0.141076)",Defined by data provider,09/11/2015 03:14:20 PM,178
Three and EE,98336,SPANIARDS ROAD DNS,HAMPSTEAD HEATH SPANIARDS ROAD HAMPSTEAD LONDON LONDON: CAMDEN,NW3 7ET,E05000135,Hampstead Town,526393,186680,-0.177911,51.564851,"(51.564851, -0.177911)",Defined by data provider,09/11/2015 03:14:20 PM,189
CTIL,136220,@@MX Euston ATE,165 Euston Road,NW1 1DH,E05000129,Bloomsbury,529747,182564,-0.131066,51.527101,"(51.527101, -0.131066)",Defined by data provider,09/11/2015 03:14:20 PM,68
EE,14052,125 SHAFTESBURY AVENUE,"125 SHAFTESBURY AVENUE, 125 SHAFTESBURY AVENUE, LONDON, ,",WC2H 0DU,E05000138,Holborn and Covent Garden,529957,181112,-0.128575,51.514004,"(51.514004, -0.128575)",Defined by data provider,09/11/2015 03:14:20 PM,90
CTIL,142320,Tree Co Ltd,"4th Floor, Holborn Gate",EC1N 2NS,,,531084,181584,-0.112168,51.517986,"(51.517986, -0.112168)",Defined by data provider,09/11/2015 03:14:20 PM,81
EE and Three,60823,BT EXCHANGE MAIDA VALE,BT EXCHANGE MAIDA VALE 138 Maida Vale  LONDON LONDON: CAMDEN,W9 1QD,E05000140,Kilburn,525704,183367,-0.189029,51.535231,"(51.535231, -0.189029)",Defined by data provider,09/11/2015 03:14:20 PM,125
CTIL,141480,ABC Self Storage`,ABC Self Storage,N7 9LH,E05000131,Cantelowes,529930,184870,-0.127579,51.547782,"(51.547782, -0.127579)",Defined by data provider,09/11/2015 03:14:20 PM,73
EE,14949,40 GREAT RUSSELL STREET,"40 GREAT RUSSELL STREET, LONDON, , ,",WC1B 3PH,E05000138,Holborn and Covent Garden,530060,181540,-0.126934,51.517827,"(51.517827, -0.126934)",Defined by data provider,09/11/2015 03:14:20 PM,106
EE and Three,98119,IMPERIAL HOTEL,Imperial Hotel Russell Square  LONDON LONDON: CAMDEN,WC1B 5BB,E05000138,Holborn and Covent Garden,530270,182015,-0.123734,51.522047,"(51.522047, -0.123734)",Defined by data provider,09/11/2015 03:14:20 PM,137
EE,14955,LP BRANCH HILL,"BRANCH HILL, HAMPSTEAD, LONDON, ,",NW3 7NF,E05000133,Frognal and Fitzjohns,526010,186255,-0.183586,51.561117,"(51.561117, -0.183586)",Defined by data provider,09/11/2015 03:14:20 PM,108
CTIL,140637,Castlewood House,77-91 New Oxford Street,WC1A 1BL,E05000138,Holborn and Covent Garden,529977,181400,-0.128181,51.516588,"(51.516588, -0.128181)",Defined by data provider,09/11/2015 03:14:20 PM,17
CTIL,143464,ISLINGTON,FORMER PRESBYTERIAN CHURCH,NW1 9AY,E05000131,Cantelowes,529816,184780,-0.129255,51.547,"(51.547, -0.129255)",Defined by data provider,09/11/2015 03:14:20 PM,52
CTIL,137729,WEST HAMPSTEAD,IVERSON ROAD STREETWORKS,NW6 2HL,E05000145,West Hampstead,525428,184793,-0.192498,51.548108,"(51.548108, -0.192498)",Defined by data provider,09/11/2015 03:14:20 PM,32
EE,14423,KINGS ARMS,"KINGS ARMS, 11A NORTHINGTON STREET, LONDON, ,",WC1N 2JF,E05000138,Holborn and Covent Garden,530872,182032,-0.115055,51.522061,"(51.522061, -0.115055)",Defined by data provider,09/11/2015 03:14:20 PM,94
CTIL,144030,BELSIZE PARK,ROYAL FREE HOSPITAL NORTH WESTERN BLOCK,NW3 2QG,E05000135,Hampstead Town,527254,185444,-0.165943,51.55355,"(51.55355, -0.165943)",Defined by data provider,09/11/2015 03:14:20 PM,47
EE and Three,50172,PORTLAND COURT,PORTLAND LODGE 37-38 BELSIZE PARK HAMPSTEAD LONDON GREATER LONDON,NW3 4ED,E05000133,Frognal and Fitzjohns,526775,184714,-0.173111,51.547097,"(51.547097, -0.173111)",Defined by data provider,09/11/2015 03:14:20 PM,118
CTIL,136110,Cornerstone 10339_Vodafone 787,Langthorne Court,NW8 6NJ,E05000144,Swiss Cottage,526580,184020,-0.176171,51.540904,"(51.540904, -0.176171)",Defined by data provider,09/11/2015 03:14:20 PM,27
CTIL,144327,MORNINGTON CRESCENT,PULLMAN LONDON ST PANCRAS,NW1 2AJ,E05000143,St Pancras and Somers Town,529961,182747,-0.127915,51.528697,"(51.528697, -0.127915)",Defined by data provider,09/11/2015 03:14:20 PM,65
EE and Three,24475,N0043 - ABC SELF STORAGE 187561,"ABC Self Storage, 145-147 York Way, Camden, London",N7 9LG,E05000131,Cantelowes,529917,184868,-0.127767,51.547767,"(51.547767, -0.127767)",Defined by data provider,09/11/2015 03:14:20 PM,152
EE and Three,98116,CASTLEWOOD HOUSE,Castlewood House 77-91 New Oxford Street  LONDON LONDON: CAMDEN,WC1A 1DT,E05000138,Holborn and Covent Garden,529960,181405,-0.128424,51.516637,"(51.516637, -0.128424)",Defined by data provider,09/11/2015 03:14:20 PM,135
CTIL,141371,CAMDEN HIGH STREET,A & K WAREHOUSE,NW1 0NE,E05000130,Camden Town with Primrose Hill,528926,183807,-0.142439,51.53846,"(51.53846, -0.142439)",Defined by data provider,09/11/2015 03:14:20 PM,71
CTIL,142412,90 TOTTENHAM COURT ROAD.,90 TOTTENHAM COURT ROAD,W1T 7HA,E05000129,Bloomsbury,529390,181975,-0.136425,51.52189,"(51.52189, -0.136425)",Defined by data provider,09/11/2015 03:14:20 PM,20
CTIL,144766,DARTMOUTH PARK,DARTMOUTH PARK,N6 6PH,E05000137,Highgate,528430,187300,-0.148313,51.569963,"(51.569963, -0.148313)",Defined by data provider,09/11/2015 03:14:20 PM,75
EE and Three,98163,HOLBORN HALL,Holborn Hall 100 Grays Inn Road  LONDON LONDON: CAMDEN,WC1X 8AL,E05000138,Holborn and Covent Garden,531023,181950,-0.112911,51.521289,"(51.521289, -0.112911)",Defined by data provider,09/11/2015 03:14:20 PM,142
CTIL,136127,Street Furniture,107E Bartholomew Road,NW5 2AU,E05000131,Cantelowes,529414,184827,-0.135032,51.547514,"(51.547514, -0.135032)",Defined by data provider,09/11/2015 03:14:20 PM,37
Three and EE,90033,ST PANCRAS HOSPITAL,St Pancras Hospital 4 St Pancras Way  LONDON LONDON: CAMDEN,NW1 0PE,E05000143,St Pancras and Somers Town,529665,183495,-0.131905,51.535487,"(51.535487, -0.131905)",Defined by data provider,09/11/2015 03:14:20 PM,176
CTIL,141802,Disused Tunnel,Network Rail Land off Gloucester Road,NW1 7BH,E05000130,Camden Town with Primrose Hill,528585,183725,-0.147383,51.5378,"(51.5378, -0.147383)",Defined by data provider,09/11/2015 03:14:20 PM,57
CTIL,140634,@@LO Portland/ Cavendish,30-32 Fitzroy Street,WC1E 6JP,E05000129,Bloomsbury,529270,182100,-0.138108,51.523041,"(51.523041, -0.138108)",Defined by data provider,09/11/2015 03:14:20 PM,14
EE and Three,90444,ENGLEFIELD,Regents Park Estate Stanhope Street  LONDON LONDON: CAMDEN,NW1 3QB,E05000142,Regent's Park,529050,182650,-0.141076,51.528034,"(51.528034, -0.141076)",Defined by data provider,09/11/2015 03:14:20 PM,133
CTIL,147410,DENMARK STREET,NOW BAR,WC2H 8LP,E05000138,Holborn and Covent Garden,529905,181258,-0.129271,51.515328,"(51.515328, -0.129271)",Defined by data provider,09/11/2015 03:14:14 PM,1
EE and Three,25062,NW0074 - CENTENARY HOUSE 207780,"Centenary House, 96-98 Camden High Street, Camden, London",NW1 7JY,E05000142,Regent's Park,529085,183690,-0.140191,51.537372,"(51.537372, -0.140191)",Defined by data provider,09/11/2015 03:14:20 PM,157
Three and EE,98528,GREATER LONDON HOUSE,"RESOLUTION PROPERTY GLH GREATER LONDON HOUSE,HAMPSTEAD ROAD  LONDON LONDON: CAMDEN",NW1 7TZ,E05000142,Regent's Park,529115,183320,-0.139894,51.53404,"(51.53404, -0.139894)",Defined by data provider,09/11/2015 03:14:20 PM,195
Three and EE,25038,NW0041 - ANGLO-SCOTTISH 114065,"Anglo-Scottish, 100A Chalk Farm Road, Chalk Farm, Camden, London",NW1 8AN,E05000130,Camden Town with Primrose Hill,528324,184326,-0.150926,51.543261,"(51.543261, -0.150926)",Defined by data provider,09/11/2015 03:14:20 PM,200
CTIL,147566,VRS KILBURN,VRS KILBURN,NW6 4JD,E05000140,Kilburn,525187,183969,-0.196265,51.540756,"(51.540756, -0.196265)",Defined by data provider,09/11/2015 03:14:20 PM,29
Three and EE,90003,ROYAL NATIONAL HOTEL,Royal National Hotel Bedford Way  LONDON LONDON: CAMDEN,WC1H 0DG,E05000129,Bloomsbury,529960,182219,-0.128124,51.523952,"(51.523952, -0.128124)",Defined by data provider,09/11/2015 03:14:20 PM,173
Three and EE,98117,TORRINGTON PLACE,1-19 TORRINGTON PLACE TOTTENHAM COURT ROAD  LONDON LONDON: CAMDEN,WC1E 7HB,E05000129,Bloomsbury,529515,181988,-0.13462,51.521978,"(51.521978, -0.13462)",Defined by data provider,09/11/2015 03:14:20 PM,181
EE,14450,YORK WAY,"HIGHWAYS LAND ON YORK WAY, A5200,, KINGS CROSS, LONDON,",N1 OBE,E05000143,St Pancras and Somers Town,530118,184082,-0.12516,51.540658,"(51.540658, -0.12516)",Defined by data provider,09/11/2015 03:14:20 PM,95
Three and EE,32033,CANTERBURY MANSIONS,CANTERBURY MANSIONS LYMINGTON ROAD WEST HAMPSTREAD,NW6 1SE,E05000145,West Hampstead,525546,184920,-0.190752,51.549223,"(51.549223, -0.190752)",Defined by data provider,09/11/2015 03:14:20 PM,159
CTIL,141962,OXFORD STREET,VODAFONE RETAIL STORE,W1C 2HN,E05000138,Holborn and Covent Garden,530250,181250,-0.124304,51.515177,"(51.515177, -0.124304)",Defined by data provider,09/11/2015 03:14:20 PM,25
Three and EE,50172,PORTLAND COURT,PORTLAND LODGE 37-38 BELSIZE PARK HAMPSTEAD LONDON GREATER LONDON,NW3 4ED,E05000133,Frognal and Fitzjohns,526775,184714,-0.173111,51.547097,"(51.547097, -0.173111)",Defined by data provider,09/11/2015 03:14:20 PM,163
EE,14812,SPANIARDS ROAD,"HEATH STREET, HAMPSTEAD, LONDON, ,",NW3 1PL,E05000135,Hampstead Town,526290,186350,-0.179515,51.561908,"(51.561908, -0.179515)",Defined by data provider,09/11/2015 03:14:20 PM,105
CTIL,136481,"Maple House, W1",149 Tottenham Court Road,W1T 7NF,E05000129,Bloomsbury,529550,182270,-0.134012,51.524504,"(51.524504, -0.134012)",Defined by data provider,09/11/2015 03:14:20 PM,19
EE and Three,98117,TORRINGTON PLACE,1-19 TORRINGTON PLACE TOTTENHAM COURT ROAD  LONDON LONDON: CAMDEN,WC1E 7HB,E05000129,Bloomsbury,529515,181988,-0.13462,51.521978,"(51.521978, -0.13462)",Defined by data provider,09/11/2015 03:14:20 PM,136
CTIL,143500,PARLIAMENT HILL,LINTON HOUSE,NW5 2XH,E05000139,Kentish Town,528790,185480,-0.143787,51.553525,"(51.553525, -0.143787)",Defined by data provider,09/11/2015 03:14:20 PM,36
EE and Three,25027,NW0027 - THE SPANIARDS INN 205927,"The Spaniards Inn, Spaniards Road, Hampstead Heath, London",NW3 7JJ,E05000135,Hampstead Town,526612,187163,-0.174579,51.569143,"(51.569143, -0.174579)",Defined by data provider,09/11/2015 03:14:20 PM,153
EE and Three,98121,CAA HOUSE,CAA House 45-49 Kingsway  LONDON LONDON: WESTMINSTER,WC2B 6TJ,E05000138,Holborn and Covent Garden,530575,181214,-0.119637,51.514779,"(51.514779, -0.119637)",Defined by data provider,09/11/2015 03:14:20 PM,139
Three and EE,50424,BT SPEC KENTISH TOWN TE,OFF KELLY STREET KENTISH TOWN ROAD  LONDON LONDON: CAMDEN,NW5 3LW,E05000139,Kentish Town,528883,184629,-0.142758,51.545856,"(51.545856, -0.142758)",Defined by data provider,09/11/2015 03:14:20 PM,164
EE,13719,KENTISH TOWN FIRE STATION,"KENTISH TOWN FIRE STATION, HIGHGATE ROAD, LONDON, ,",NW5 2NX,E05000139,Kentish Town,528943,185422,-0.141603,51.552969,"(51.552969, -0.141603)",Defined by data provider,09/11/2015 03:14:20 PM,83
EE and Three,90562,HAMPSTEAD COMFORT INN,HAMPSTEAD COMFORT INN 5-7 Frognal Hampstead LONDON LONDON: CAMDEN,NW3 6AL,E05000133,Frognal and Fitzjohns,526234,185003,-0.180805,51.549816,"(51.549816, -0.180805)",Defined by data provider,09/11/2015 03:14:20 PM,134
Three and EE,50769,ALVANLEY COURTNW,ALVANLEY COURTNW 250 Finchley Road  LONDON LONDON: CAMDEN,NW3 6DL,E05000133,Frognal and Fitzjohns,525760,185325,-0.187523,51.552815,"(51.552815, -0.187523)",Defined by data provider,09/11/2015 03:14:20 PM,165
EE and Three,90026,ROCHESTER COURT,Rochester Court Rochester Square  LONDON LONDON: CAMDEN,NW1 9EL,E05000131,Cantelowes,529350,184330,-0.136137,51.543063,"(51.543063, -0.136137)",Defined by data provider,09/11/2015 03:14:20 PM,130
EE and Three,25032,NW0033 - WAVERLEY COURT 220268,"Waverly court, 41 Steeles Road, Hampstead, London",NW3 4SB,E05000128,Belsize,527636,184510,-0.160775,51.54507,"(51.54507, -0.160775)",Defined by data provider,09/11/2015 03:14:20 PM,154
CTIL,144334,BELSIZE PARK,OUTSIDE 242 GRAFTON RD,NW5 4HH,E05000134,Gospel Oak,528100,185100,-0.153872,51.550267,"(51.550267, -0.153872)",Defined by data provider,09/11/2015 03:14:20 PM,34
EE and Three,98528,GREATER LONDON HOUSE,"RESOLUTION PROPERTY GLH GREATER LONDON HOUSE,HAMPSTEAD ROAD  LONDON LONDON: CAMDEN",NW1 7TZ,E05000142,Regent's Park,529115,183320,-0.139894,51.53404,"(51.53404, -0.139894)",Defined by data provider,09/11/2015 03:14:20 PM,150
CTIL,143474,CAMDEN TOWN,THE FORUM,NW1 0LF,E05000143,St Pancras and Somers Town,529250,183797,-0.137774,51.538296,"(51.538296, -0.137774)",Defined by data provider,09/11/2015 03:14:20 PM,72
EE and Three,50424,BT SPEC KENTISH TOWN TE,OFF KELLY STREET KENTISH TOWN ROAD  LONDON LONDON: CAMDEN,NW5 3LW,E05000139,Kentish Town,528883,184629,-0.142758,51.545856,"(51.545856, -0.142758)",Defined by data provider,09/11/2015 03:14:20 PM,119
Three and EE,53663,MAPLE HOUSE,MAPLE HOUSE TOTTENHAM COURT ROAD CAMDEN LONDON LONDON: CAMDEN,WC1E 0XY,E05000129,Bloomsbury,529322,182222,-0.137314,51.524125,"(51.524125, -0.137314)",Defined by data provider,09/11/2015 03:14:20 PM,169
CTIL,144406,KINGS CROSS RAILWAY STATION,KINGS CROSS,TBC,E05000143,St Pancras and Somers Town,530222,183233,-0.123975,51.533004,"(51.533004, -0.123975)",Defined by data provider,09/11/2015 03:14:20 PM,26
CTIL,140779,Penderel House,283 High Holborn,WC1R 5DJ,E05000138,Holborn and Covent Garden,530858,181579,-0.115425,51.517993,"(51.517993, -0.115425)",Defined by data provider,09/11/2015 03:14:20 PM,8
CTIL,136008,LANSDOWNE SQUARE,UNIVERSITY OF LONDON,WC1N 1DJ,E05000141,King's Cross,530410,182199,-0.121649,51.523669,"(51.523669, -0.121649)",Defined by data provider,09/11/2015 03:14:20 PM,11
CTIL,147084,HAMPSTEAD 2 - 3G SLM,82 HEATH STREET,NW3 1DN,E05000135,Hampstead Town,526380,185870,-0.178389,51.557575,"(51.557575, -0.178389)",Defined by data provider,09/11/2015 03:14:20 PM,49
CTIL,140519,Bacton House,Haverstock Rd,NW5 4PL,E05000134,Gospel Oak,528001,185310,-0.155223,51.552177,"(51.552177, -0.155223)",Defined by data provider,09/11/2015 03:14:20 PM,33
EE,13992,HAMPSTEAD TE,"361 FINCHLEY ROAD, LONDON, , ,",NW3 6DH,E05000145,West Hampstead,525940,185160,-0.184987,51.551292,"(51.551292, -0.184987)",Defined by data provider,09/11/2015 03:14:20 PM,89
EE and Three,98491,LINTON HOUSE,Linton House 39-51 Highgate Road Kentish Town LONDON LONDON: CAMDEN,NW5 1RS,E05000139,Kentish Town,528820,185460,-0.143362,51.553339,"(51.553339, -0.143362)",Defined by data provider,09/11/2015 03:14:20 PM,149
EE and Three,98466,INTERNATIONAL HALL,"UNIVERSITY OF LONDON HALLS OF RESIDENCE,BRUNSWICK SQUARE  LONDON LONDON: CAMDEN",WC1N 1AX,E05000141,King's Cross,530382,182194,-0.122054,51.52363,"(51.52363, -0.122054)",Defined by data provider,09/11/2015 03:14:20 PM,147
Three and EE,51136,NORTH END WAY DNS,NORTH END WAY NORTH END WAY HAMPSTEAD LONDON LONDON: CAMDEN,NW3 1EA,E05000135,Hampstead Town,526285,186365,-0.179581,51.562044,"(51.562044, -0.179581)",Defined by data provider,09/11/2015 03:14:20 PM,166
CTIL,136441,HATTON GARDEN,63-66 HATTON GARDENS,EC1N 8LE,E05000138,Holborn and Covent Garden,531296,181934,-0.108984,51.521082,"(51.521082, -0.108984)",Defined by data provider,09/11/2015 03:14:20 PM,80
CTIL,147600,RADISSON EDWARDIAN HAMPSHIRE H,RADISSON EDWARDIAN HAMPSHIRE HOTEL - POI,WC2H 7LH,E05000141,King's Cross,530097,182489,-0.126051,51.526347,"(51.526347, -0.126051)",Defined by data provider,09/11/2015 03:14:20 PM,3
CTIL,136435,Britannia Hotel,Britannia Hotel,NW3 3NA,E05000128,Belsize,527520,184420,-0.162479,51.544288,"(51.544288, -0.162479)",Defined by data provider,09/11/2015 03:14:20 PM,46
EE,28295,ATOS TRITON SQUARE IN BUILDING,"ATOS ORIGIN, 4 TRITON SQUARE, REGENTS PLACE, LONDON,",NW1 3HG,E05000142,Regent's Park,529060,182356,-0.14104,51.525389,"(51.525389, -0.14104)",Defined by data provider,09/11/2015 03:14:20 PM,111
EE and Three,90003,ROYAL NATIONAL HOTEL,Royal National Hotel Bedford Way  LONDON LONDON: CAMDEN,WC1H 0DG,E05000129,Bloomsbury,529960,182219,-0.128124,51.523952,"(51.523952, -0.128124)",Defined by data provider,09/11/2015 03:14:20 PM,128
CTIL,136869,Kennedy Hotel,Kennedy Hotel,NW1 2LP,E05000142,Regent's Park,529310,182800,-0.137275,51.529322,"(51.529322, -0.137275)",Defined by data provider,09/11/2015 03:14:20 PM,62
EE,14611,TIMINIS HAIRDRESSERS,"16 PRATT STREET, , , LONDON,",NW1 0AB,E05000142,Regent's Park,529094,183685,-0.140063,51.537325,"(51.537325, -0.140063)",Defined by data provider,09/11/2015 03:14:20 PM,99
EE,13832,M-BT BT TOWER CLEVELAND ST,"BT TOWER, HOWLAND STREET, (CLEVELAND STREET), LONDON,",W1P 0BR,E05000129,Bloomsbury,529220,181910,-0.138898,51.521345,"(51.521345, -0.138898)",Defined by data provider,09/11/2015 03:14:20 PM,86
Three and EE,98119,IMPERIAL HOTEL,Imperial Hotel Russell Square  LONDON LONDON: CAMDEN,WC1B 5BB,E05000138,Holborn and Covent Garden,530270,182015,-0.123734,51.522047,"(51.522047, -0.123734)",Defined by data provider,09/11/2015 03:14:20 PM,182
CTIL,136967,Royal Free Hospital,Royal Free Hospital,NW3 2QG,E05000135,Hampstead Town,527320,185340,-0.165029,51.552601,"(51.552601, -0.165029)",Defined by data provider,09/11/2015 03:14:20 PM,48
EE and Three,98162,40 MELTON STREET,40 MELTON STREET EUSTON SQUARE  LONDON LONDON: CAMDEN,NW1 2EE,E05000142,Regent's Park,529570,182590,-0.133606,51.527376,"(51.527376, -0.133606)",Defined by data provider,09/11/2015 03:14:20 PM,141
EE,14998,LOCKS ELEVEN,"LOCKS ELEVEN LOCKSMITHS, 40 GRAYS INN ROAD, , LONDON,",WC1X8LR,E05000138,Holborn and Covent Garden,531102,181764,-0.111842,51.519599,"(51.519599, -0.111842)",Defined by data provider,09/11/2015 03:14:20 PM,110
CTIL,136646,Kings Cross Premier Inn,26-30 York Way,N1 9AA,E05000141,King's Cross,530310,182938,-0.122816,51.530333,"(51.530333, -0.122816)",Defined by data provider,09/11/2015 03:14:20 PM,79
EE and Three,50050,NO 1 EUSTON ROAD,NO 1 EUSTON ROAD 1 Euston Road  LONDON LONDON: CAMDEN,NW1 2SA,E05000141,King's Cross,530328,182934,-0.122559,51.530293,"(51.530293, -0.122559)",Defined by data provider,09/11/2015 03:14:20 PM,116
